id;addr_status;address_line_1;address_line_2;address_line_3;land_mark;pincode;longitude;latitude;map_nev_url;is_preffered_add;last_modified;last_modified_by;created_by;created_on;is_deleted;free_field_1;free_field_2;free_field_3;free_field_4;free_field_5
1;EMPLOYMENT_ADDRESS;feed Human;Lilangeni Configuration Home;index experiences bypassing;Zambian;optical Michigan;92061;15768;Mandatory web-readiness;true;2022-09-28T23:25:51;Account;purple Credit Developer;2022-09-29T05:07:38;true;initiatives;generate Ports China;North bypassing capacitor;Pizza;interactive
2;EMPLOYMENT_ADDRESS;Skyway Account;Toys contextually-based Sausages;National Soap;calculating Shoes;HTTP grow USB;22479;69017;Canada withdrawal;true;2022-09-28T09:14:58;azure optical Fresh;Accounts blue invoice;2022-09-28T11:51:13;true;Luxembourg Awesome;Representative;calculate bus Cheese;multi-tasking Supervisor;disintermediate Architect Gloves
3;PERMANENT_ADDRESS;Account;Personal calculating;Shoes;circuit;Grass-roots Identity;60969;21866;Soft;true;2022-09-28T23:48:09;Montana Fully-configurable Cambridgeshire;Unbranded Branding task-force;2022-09-28T23:37:46;true;invoice Steel CSS;Extended copying optimize;Factors;visionary Soft olive;Anguilla
4;PERMANENT_ADDRESS;application;Beauty Court;mint Ramp;Chicken killer cyan;channels;23508;37724;infomediaries Sausages;false;2022-09-28T06:22:09;Arizona;help-desk Jewelery;2022-09-28T17:51:12;true;auxiliary;deposit;USB Seamless Ergonomic;payment wireless;integrated Concrete bypassing
5;PERMANENT_ADDRESS;orchid North Practical;action-items THX;Franc Dakota;Frozen user-facing;Wells South override;56555;88034;transmit Avon program;false;2022-09-28T18:06:36;Springs Health Generic;compress Bosnia;2022-09-29T04:46:16;false;Garden;compelling;Stand-alone Frozen leverage;platforms Auto bypassing;digital core
6;PERMANENT_ADDRESS;tangible calculating Integrated;incubate matrix;Road Chief Savings;Ergonomic index input;sensor Licensed Bedfordshire;52586;66317;calculate Dynamic;true;2022-09-28T11:34:18;flexibility;Avon;2022-09-29T06:05:27;false;Awesome Gold solution;payment Music;Re-engineered archive blue;integrate withdrawal;infomediaries Music CSS
7;CURRENT_ADDRESS;Gibraltar deposit;innovative Liberia Loaf;back-end Qatar;Clothing;PNG;25274;81276;Connecticut;true;2022-09-28T20:13:04;transform;Bahamas generate;2022-09-29T05:20:06;false;hack portals;empowering Program salmon;dot-com Salad;Club utilize;Licensed
8;PERMANENT_ADDRESS;Future Intelligent 24/7;turquoise XSS user-centric;Awesome;Cedi;Coordinator Regional Enhanced;50548;38156;infrastructure;true;2022-09-29T01:01:55;purple Computers;Rustic foreground;2022-09-28T17:15:33;true;content-based tan Investor;Saint;Licensed;Refined Dinar Officer;Factors enable
9;CURRENT_ADDRESS;SAS Swiss syndicate;Avon;Account flexibility;bluetooth Awesome index;IB Metrics deposit;70616;5616;AI;false;2022-09-28T18:26:14;e-business Chicken overriding;connect Estonia open;2022-09-28T08:23:42;true;XML Shoes Cambridgeshire;Avon magenta bus;feed dynamic emulation;Fully-configurable copy;Account deliver indexing
10;PERMANENT_ADDRESS;time-frame functionalities;system;zero Burundi benchmark;application Iceland;Computers whiteboard;31991;1181;Fantastic;true;2022-09-28T19:31:53;invoice;interfaces Gorgeous;2022-09-28T09:35:13;true;Up-sized;Namibia calculating AGP;Borders Rubber Niger;Forest transitional Granite;real-time
