id;tiltle;type;description;tag;sub_type;last_modified;last_modified_by;created_by;created_on;is_deleted;free_field_1;free_field_2;free_field_3;free_field_4
1;Pre-emptive Paraguay system-worthy;GURE_DECLARATION;Tools;wireless compress Avon;21731;2022-09-28T07:58:57;Producer;Avon;2022-09-28T09:12:20;true;back-end;reboot Producer;bypass calculate;Chips Parkways back-end
2;Lilangeni deposit recontextualize;BOR_DECLARATION;Account Dollar;National;69403;2022-09-28T14:36:56;well-modulated Curve;Passage plum Mission;2022-09-28T21:33:02;true;Buckinghamshire driver bleeding-edge;Concrete networks;Hawaii Rubber orange;Generic
3;connecting Principal;GURE_DECLARATION;Rubber (customarily bluetooth;sky;35698;2022-09-28T17:15:51;granular Savings bypass;Singapore infomediaries;2022-09-29T01:51:10;false;green Garden;Architect;invoice SMS;Spurs Cross-platform green
4;Loan;GURE_DECLARATION;Handcrafted;Soft;58549;2022-09-28T15:32:05;parse Architect;connect visionary Directives;2022-09-29T05:13:29;false;compress Florida;multi-byte reboot bi-directional;stable Tajikistan holistic;JBOD streamline Avon
5;back-end invoice;ORG_TERMS;product;engage Incredible Dynamic;42363;2022-09-29T01:19:13;Kids;Money Dynamic Jewelery;2022-09-29T02:28:40;true;Fresh mobile;encoding Customer;National;Berkshire array
6;Principal Front-line bypass;BOR_DECLARATION;target;Investor;33466;2022-09-29T00:09:27;Managed;haptic;2022-09-28T22:14:23;true;Fresh Administrator;bluetooth Dollar Handcrafted;International Generic;Games override synergistic
7;policy;ORG_TERMS;Industrial Turnpike Dominican;compressing Administrator;2045;2022-09-29T03:40:34;zero Grocery ADP;Towels;2022-09-28T08:50:41;true;synthesizing Pitcairn;Practical;niches;empower
8;Oklahoma;GURE_DECLARATION;Cambridgeshire;customized;57519;2022-09-28T07:57:53;generating success hacking;Investment transmitting clear-thinking;2022-09-29T02:00:56;true;Generic;Soft;Savings Australia blockchains;Garden synthesizing Gambia
9;withdrawal;BOR_DECLARATION;Quality;Nakfa leading Ergonomic;37760;2022-09-28T22:18:35;Carolina;Grocery orchestrate function;2022-09-29T02:07:06;false;deliver;Officer Ports Missouri;Fresh deposit;Metal RSS Checking
10;withdrawal Litas deposit;ORG_TERMS;indexing;PNG;42268;2022-09-29T04:38:54;Borders Fork;Multi-layered virtual;2022-09-28T20:05:49;true;Berkshire Specialist incubate;Fresh Maryland;mindshare hacking;Beauty Representative
