id;doc_type;doc_sub_type;tag;file_name;file_path;file_url;refrence_id;has_verified;remark;last_modified;last_modified_by;created_by;created_on;is_deleted;free_field_1;free_field_2;free_field_3;free_field_4;free_field_5
1;homogeneous;York input Beauty;generate niches black;Chicken;International plum bandwidth-monitored;parse;85249;false;Flats Account HTTP;2022-09-28T11:05:56;Licensed Cloned user-centric;El Loan utilize;2022-09-28T20:32:47;false;calculating;Ergonomic;panel 1080p;Licensed fault-tolerant;Fantastic Home
2;Corporate sensor quantify;Car South invoice;Graphical;synthesizing cultivate connect;sensor overriding;Creative paradigm auxiliary;45438;false;Lithuanian Account Manor;2022-09-28T17:15:37;emulation Dakota;invoice;2022-09-29T02:53:50;false;Account Function-based;Refined implement invoice;Functionality Automotive override;deploy Granite;Vision-oriented Licensed 24/7
3;proactive Metrics;International;payment;Ruble;transmit Brand California;West programming;62059;true;Hat Iowa Grocery;2022-09-28T11:38:34;card Intranet;Krone Account high-level;2022-09-28T18:58:39;true;Down-sized Tugrik;array;mobile;iterate driver;digital Republic
4;Practical synthesizing;compressing extranet;Global Arkansas;Mill infrastructures hack;Garden generate asynchronous;transmit panel Outdoors;15932;false;leverage online cyan;2022-09-28T22:12:12;transmit;primary User-friendly Loan;2022-09-28T14:34:29;true;firewall;RSS white;stable;Montana Movies;Emirates Jewelery
5;programming Business-focused viral;Rubber revolutionary;Saint Hampshire area;lavender rich implement;Grass-roots Angola;withdrawal pink Applications;45331;true;Integrated Aruba;2022-09-28T14:38:51;relationships;communities;2022-09-28T18:39:12;false;navigating bandwidth;Israel;Ergonomic;calculating Devolved;Hat UAE
6;SDD application;Panama;cross-platform Chair;up Rubber enterprise;connect Consultant;Books Bike deposit;66250;false;Security Liaison;2022-09-28T22:08:34;program;Dollar;2022-09-28T06:33:18;true;extensible Savings;compress Shirt;Cuba;Dynamic Automated;of
7;protocol Idaho;THX;Rustic;unleash;Borders;Progressive;56390;true;moratorium deposit;2022-09-28T20:34:55;International;Executive Granite;2022-09-28T08:45:53;false;Rupiah;Metrics integrated;Steel;Sausages Practical;engineer
8;complexity;generate grow deliverables;Liaison Rican;Fresh;Strategist;invoice California;7547;false;Communications Open-source Directives;2022-09-29T05:54:30;back;Frozen alarm Enhanced;2022-09-28T08:28:50;false;Outdoors compress;website payment;Manors;overriding;Kina Loan
9;compress;RAM Solutions Accountability;Michigan Bacon encryption;Platinum Washington;clear-thinking Ergonomic;eyeballs out-of-the-box Handmade;12039;false;Agent;2022-09-28T16:07:57;revolutionize Digitized groupware;Generic Fresh;2022-09-28T13:13:34;true;24/365 Personal;withdrawal;Fantastic;e-business global AGP;navigate projection solution
10;hacking Florida;generating Handcrafted;Direct partnerships;Egyptian;parse Customer;Peso;36690;true;Future Steel;2022-09-28T23:10:39;innovative Account;Guinea-Bissau e-commerce bandwidth;2022-09-28T21:43:52;true;vortals;Avon green;Convertible Uruguay groupware;US;next-generation
