id;title;first_name;middle_name;last_name;membership_no;gender;dob;email;mobile_no;house_owner;occupation;employer_name_add;soclibil_amt;soclibil_type;otherlibil_amt;otherlibil_type;aadhar_card_no;pan_card;marital_status;has_adhar_verified;has_pan_verified;number_of_assets;gross_annual_inc;net_income;is_income_tax_payer;is_active;is_deleted;last_modified;last_modified_by;created_by;created_on;free_field_1;free_field_2;free_field_3;free_field_4;free_field_5;free_field_6
1;MRS;Solon;Music;Johnston;Handcrafted;MALE;2022-09-28;Brannon22@yahoo.com;States Baby;up Franc;PENSIONER;alarm copying Response;46596;Incredible Senior;55817;didactic;Generic project;Rubber transform;WIDOW;true;true;69416;91516;52579;false;true;true;2022-09-28T19:17:30;monitor driver;seize Berkshire empowering;2022-09-28T18:39:33;Designer Solutions;lime scalable global;Virtual;virtual Engineer;Ball;payment XML Account
2;MR;Dustin;interface;Harris;whiteboard;FEMALE;2022-09-28;Omer34@hotmail.com;PNG;Technician;PENSIONER;Wooden methodologies;47815;Salad Money;25867;Chicken Shilling one-to-one;sticky orchestration;AGP;SINGLE;true;true;60619;10923;62913;true;false;false;2022-09-28T11:06:30;Beauty e-business;benchmark;2022-09-28T10:56:25;Liaison;array;Path Gabon enterprise;Central;invoice Steel;back Dynamic
3;MISS;Gladys;blockchains database Guilder;Thompson;Liechtenstein;MALE;2022-09-29;Jayde86@gmail.com;Equatorial Awesome invoice;User-friendly rich;AGRICULTURE;multi-byte Architect Books;84073;teal Cotton Missouri;14912;Profound Account;Intranet Factors;New empower;DIVORCED;false;true;26389;52641;59520;true;true;false;2022-09-28T14:30:53;front-end Research;Soft;2022-09-28T22:16:41;Locks Sports e-business;Awesome;Account time-frame;navigate cultivate;B2C District;Streets client-server SAS
4;MISS;Angie;generate Avon;Kertzmann;Coordinator frame;MALE;2022-09-29;Mikel2@gmail.com;Central virtual Administrator;paradigms Metal;SELF_EMPLOYED;Assimilated Checking;66022;Fish program Configuration;75314;Corporate hacking;clear-thinking payment;navigating Borders Beauty;SINGLE;false;true;77406;28654;5009;true;true;true;2022-09-28T10:26:51;Table Soft;back;2022-09-28T19:52:37;purple District Armenia;next-generation;Executive Djibouti Morocco;model;Massachusetts Pizza hardware;Future Manager
5;MRS;Mozell;Fundamental AI;Williamson;Forward;MALE;2022-09-29;Leif_Fay@gmail.com;Wooden Bacon Buckinghamshire;overriding pixel exploit;PROFESSIONAL;program;7458;Representative;48966;Baby Enhanced cyan;Ville Buckinghamshire;Wooden;MARRIED;true;true;29422;64129;26951;true;false;false;2022-09-29T05:46:28;navigate;radical Avon;2022-09-28T10:29:31;e-business Leone;migration;syndicate Fresh AI;Handcrafted;payment;B2B
6;MRS;Kameron;Louisiana;Koepp;schemas payment;MALE;2022-09-28;Albertha.Stoltenberg@hotmail.com;Iowa blue;Dollar open-source workforce;BUSINESS;Tuna Account;95160;Executive parsing bypass;10066;parse;monitor Burg;reciprocal Planner;SINGLE;true;true;40869;65073;59922;true;false;true;2022-09-29T05:43:59;primary Dynamic synergize;Garden synthesize Enterprise-wide;2022-09-28T11:04:54;deposit;JBOD;Hryvnia program deposit;Cheese microchip SAS;Automotive;Tasty
7;MR;Percy;Sausages quantify Regional;Gleason;Executive;TRANSGENDER;2022-09-28;Carson_Stroman7@yahoo.com;hardware;solutions;SALARIED;Games calculating schemas;44594;maximize Path Organic;2634;Boliviano bus;Buckinghamshire;deposit;DIVORCED;true;false;8999;74515;98949;false;false;true;2022-09-28T18:06:16;input;Islands Point;2022-09-28T20:54:11;systems;Internal Bacon;Wooden contingency;e-enable Organic;compress Group;Enhanced Wooden
8;MRS;Macy;solutions;Ward;Cambridgeshire turquoise;TRANSGENDER;2022-09-29;Haylee.Jacobs32@gmail.com;Cambridgeshire;generating transform transmit;SALARIED;calculating Global;4614;olive;25736;Senior frictionless users;Borders;virtual Market;MARRIED;false;true;18966;17050;87998;true;true;false;2022-09-28T15:46:30;Balanced incentivize Interactions;Namibia;2022-09-29T00:45:08;Awesome South;Generic;invoice cultivate Loan;24/365 HDD Quality;indexing Dalasi Buckinghamshire;next-generation
9;MISS;Virgil;budgetary;Rau;benchmark;OTHER;2022-09-29;Victoria_Feil55@yahoo.com;Helena mobile Drive;override SQL directional;SERVICE;coherent complexity Fresh;47251;copying;96558;standardization Cotton directional;Mouse;Soft 4th Creative;SINGLE;true;true;81882;142;71873;true;false;true;2022-09-28T11:12:13;tan product;bluetooth;2022-09-28T21:38:37;Administrator Buckinghamshire;Web withdrawal synthesize;reinvent;revolutionary Fresh;USB;payment Investment Bacon
10;MISS;Zetta;Checking;Grant;one-to-one;MALE;2022-09-28;Lukas.Mante77@yahoo.com;Wyoming XML compressing;Florida Brazil;PROFESSIONAL;strategize encryption;55377;Rubber;86421;Won Sausages Fish;Coordinator XSS Agent;override;OTHERS;false;true;34689;35277;54658;true;true;false;2022-09-28T08:05:40;parse Salvador vortals;withdrawal;2022-09-28T11:58:21;Market panel;Table matrix transmit;Integrated PCI;Senior;Versatile Unbranded;Quality Soft
