id;first_name;last_name;father_name;mother_name;guardian_name;gender;dob;aadhar_card;nominee_declare_date;relation;permanent_addr;nominee_percentage;last_modified;last_modified_by;created_by;created_on;is_active;is_deleted;free_field_1;free_field_2;free_field_3;free_field_4
1;Brice;Beahan;Extended withdrawal;Oklahoma mission-critical;Programmable;Small Cotton;2022-09-28;Dollar Cayman;2022-09-28T16:44:53;withdrawal;Clothing Borders driver;21257;2022-09-28T18:16:14;circuit Turnpike;Seamless reboot Refined;2022-09-28T12:59:21;false;true;cultivate haptic Awesome;virtual compressing;quantifying Rubber;deposit green
2;Marshall;Shields;Plastic;architectures;ivory bricks-and-clicks Generic;Dynamic Cheese;2022-09-28;SCSI indexing;2022-09-28T14:52:50;Small Regional Cotton;Dynamic Fish;14995;2022-09-28T18:56:24;generating;Legacy firmware Solomon;2022-09-28T13:33:58;true;false;Auto Interactions;Rustic Handcrafted Well;Market;Malawi
3;Fannie;Okuneva;transition Licensed;evolve;Brand Dynamic Bahrain;Coordinator;2022-09-29;world-class JSON Cove;2022-09-28T07:09:40;transmitting SMS green;array;68087;2022-09-29T05:12:56;Cambridgeshire Islands;bypassing;2022-09-29T05:21:05;true;true;solutions interface solution;attitude Bedfordshire Home;Generic bifurcated challenge;generating schemas
4;Leif;Tillman;collaboration withdrawal Ranch;Dominica e-markets Greece;Bacon Alaska sexy;moratorium;2022-09-28;paradigms Buckinghamshire Rubber;2022-09-28T09:52:04;orchestrate streamline e-services;Intelligent Fresh;74664;2022-09-28T11:00:08;Account context-sensitive;Organic;2022-09-29T01:05:41;false;false;Oregon Communications discrete;THX;Dong SSL;Beauty Advanced
5;Mackenzie;Heidenreich;Georgia backing deposit;cohesive;collaboration generation Architect;Pound;2022-09-28;Berkshire Guadeloupe;2022-09-28T07:22:09;deposit Path;Mexico;53771;2022-09-28T08:14:53;magenta;multi-byte array;2022-09-28T11:42:24;false;false;Chair Pierre Research;Terrace Investment Optimization;Business-focused;Helena visualize Dinar
6;Hunter;Quitzon;Unbranded Shoes;Dynamic hacking Lead;copy;Sudanese Cambridgeshire Saint;2022-09-28;Supervisor communities system;2022-09-28T15:40:02;Customizable dynamic;Ball;69886;2022-09-28T21:57:59;Bacon improvement;Burg Mouse User-centric;2022-09-28T23:31:38;false;true;AI Internal Officer;Sleek Money;Implementation withdrawal;Seychelles
7;Guy;Smitham;Engineer Engineer;compressing Account;orange;Buckinghamshire Licensed;2022-09-29;Directives Tuna connect;2022-09-28T08:21:31;enhance Caribbean;Berkshire;68458;2022-09-29T01:17:03;Mall Cotton deposit;specifically parallelism Focused;2022-09-29T03:26:39;false;true;Lakes;THX Accountability;superstructure;partnerships Key
8;Velma;Lemke;copy;cultivate Right-sized Direct;Spring Knolls Chicken;Analyst digital;2022-09-28;and New;2022-09-28T14:17:07;Product up Fresh;withdrawal dot-com deposit;64659;2022-09-29T00:50:31;Technician;Analyst;2022-09-28T08:53:14;true;false;Grocery Practical Kyat;implement overriding Wooden;Beauty Direct;interfaces reintermediate
9;Trinity;Strosin;Bedfordshire;Pass;SMTP Tunnel;Kentucky Buckinghamshire;2022-09-28;Account Steel quantifying;2022-09-29T02:00:32;background Future capacitor;cohesive Auto invoice;75482;2022-09-28T09:40:00;auxiliary adapter Buckinghamshire;Small schemas Mandatory;2022-09-28T22:32:32;true;false;streamline Belgium Bedfordshire;Garden Saint Sausages;conglomeration Islands;deposit Croatian
10;Yadira;Boyer;Implementation ubiquitous;Dakota grow Officer;navigate Strategist;Intranet Steel Metal;2022-09-28;Rubber Usability scale;2022-09-28T18:26:32;Accounts;Franc;35043;2022-09-28T14:49:24;Money primary;Credit;2022-09-29T02:53:01;true;false;dynamic Up-sized;copy Agent system;Investor;Mexican Pizza Roads
