id;org_name;description;reg_number;gstin;pan;tan;phone;email;web_site;fax;is_activate;org_type;created_on;created_by;is_deleted;last_modified;last_modified_by;free_field_1;free_field_2;free_field_3;free_field_4;free_field_5
1;brand Soap Generic;Islands;tan facilitate;Yemeni;calculating;paradigms parse;(680) 471-5051 x085;Ward_Grant60@gmail.com;Maine Texas overriding;Steel Future;false;URBAN_BANK;2022-09-28T15:01:40;navigate Infrastructure;Chair stable Buckinghamshire;2022-09-28T10:35:22;Fish Books transmitter;New;Cambridgeshire Account;management orchestration;hacking Strategist;Loan
2;Focused backing sexy;Account schemas Officer;Tanzania;Nevada;Cotton;Highway SMTP;1-826-250-7473 x01482;Robb_Jacobi@yahoo.com;Corporate Liaison Quality;Frozen;true;SOCIETY;2022-09-28T14:32:34;optimal;bus user-centric Analyst;2022-09-28T13:51:28;neural Assimilated;Mouse Savings;Branding;Clothing;deposit fuchsia;connecting Rustic
3;Fish;Regional Customer;Island Keyboard;Table;collaborative;Beauty;875.205.3060;Maribel83@yahoo.com;monitor;Gardens orchid;true;URBAN_BANK;2022-09-28T21:48:19;local;Cambridgeshire mobile;2022-09-28T16:29:45;Cambridgeshire bricks-and-clicks;synthesize;Brook;Market Berkshire compress;niches;virtual standardization
4;quantify discrete;Arab Pants;Washington;Botswana Bacon;interfaces;TCP challenge Course;(597) 560-8142;Jamey.Murray33@gmail.com;HDD deposit salmon;withdrawal cross-platform Loan;true;URBAN_BANK;2022-09-28T10:34:31;deposit Health Producer;Table Industrial Granite;2022-09-29T03:18:24;Guatemala XML multi-byte;Leone multi-byte incubate;users;Rest;Web Group Bulgarian;support Kenya Bedfordshire
5;extend Licensed Bridge;Djibouti;explicit pink;bus Reactive;Circles utilisation;Washington panel;1-280-363-9021 x90915;Winnifred73@yahoo.com;disintermediate Central;Regional strategic Burundi;false;SOCIETY;2022-09-29T04:55:49;SQL Chicken Reduced;Manors best-of-breed Computers;2022-09-28T12:21:56;encompassing Lights SMS;Account mesh;methodology plug-and-play;Product bricks-and-clicks open-source;Wooden Implementation Intranet;card
6;Refined Specialist;TCP;sky Alaska;Cliffs Home Course;alliance Principal;Research Incredible;322.659.1828 x9146;Ofelia_Kirlin@yahoo.com;benchmark Borders Carolina;transparent generating;true;URBAN_BANK;2022-09-28T15:13:03;Money Delaware COM;Kiribati;2022-09-28T08:43:55;Missouri disintermediate Afghanistan;pink e-business;projection;morph tan IB;paradigms Representative concept;Mexico Grocery
7;Loan;Manager Divide;Plastic Strategist;Sports Bhutan;Movies;Wooden Buckinghamshire impactful;(650) 283-7177 x04816;Frankie_Bergnaum58@gmail.com;bus;Metrics Loan;false;URBAN_BANK;2022-09-29T01:16:14;firewall;Bacon Hill Cambridgeshire;2022-09-28T08:19:24;Paradigm Home Tools;1080p Developer Belize;Ergonomic wireless;Generic Grocery invoice;payment;experiences
8;Refined;override Tuna;withdrawal;Investment Central morph;Berkshire;holistic Monitored;574-265-4144 x4956;Delbert_Zemlak60@yahoo.com;withdrawal Divide;Utah program;false;URBAN_BANK;2022-09-29T00:49:50;bus matrix;copying;2022-09-28T14:36:44;North;Concrete;payment Investment withdrawal;Forward card Western;input Steel;Pizza
9;Shoes Synchronised Tuna;Bolivar Fantastic HDD;turquoise Product;capacity PNG solid;Account Fresh Keyboard;Buckinghamshire;(269) 200-1066;Cornelius_Olson@yahoo.com;Georgia Gloves Baby;enterprise primary;true;URBAN_BANK;2022-09-28T16:33:14;orchestrate EXE Small;array synthesize;2022-09-28T15:33:42;Shirt User-centric Marketing;Technician FTP;Creative Rustic real-time;Cambridgeshire;actuating Chips PCI;invoice
10;reciprocal BEAC synthesize;strategize (customarily;Account Ergonomic Buckinghamshire;Account;1080p;orange Account;275.736.0408;Vicky96@hotmail.com;Interactions Coordinator;JSON;true;URBAN_BANK;2022-09-29T01:45:58;Facilitator Baby invoice;neural Associate;2022-09-29T02:42:30;Computers;Cotton synthesize virtual;navigate Shoals Mall;Cheese reinvent Facilitator;synergize;Fresh Island architectures
